Tree_ID,Row,TreeNo,PointType,Latitude,Longitude,Status,Description
A1-001,A1,1,H,8.588244,98.565148,ปกติ,1
A1-002,A1,2,Tree,8.588216,98.565113,ปกติ,2
A1-003,A1,3,Tree,8.588224,98.565085,ปกติ,3
A1-004,A1,4,Tree,8.588218,98.565048,ปกติ,4
A1-005,A1,5,Tree,8.588201,98.56501,รอปลูกซ่อม,5F
A1-006,A1,6,Tree,8.588192,98.564983,ปกติ,6
A1-007,A1,7,Tree,8.588187,98.564962,ปกติ,7
A1-008,A1,8,T,8.588176,98.564939,ปกติ,8T
A2-001,A2,1,H,8.588115,98.565215,ปกติ,1
A2-002,A2,2,Tree,8.588118,98.56518,ปกติ,2
A2-003,A2,3,Tree,8.58813,98.565134,ปกติ,3
A2-004,A2,4,Tree,8.588124,98.565101,ปกติ,4
A2-005,A2,5,Tree,8.588121,98.565065,ปกติ,5
A2-006,A2,6,Tree,8.588111,98.565032,รอปลูกซ่อม,6F
A2-007,A2,7,Tree,8.588103,98.564998,รอปลูกซ่อม,7F
A2-008,A2,8,Tree,8.588089,98.564965,ปกติ,8
A2-009,A2,9,Tree,8.588079,98.564937,ปกติ,9
A2-010,A2,10,Tree,8.588066,98.564905,รอปลูกซ่อม,10F
A2-011,A2,11,Tree,8.588054,98.564875,รอปลูกซ่อม,11F
A2-012,A2,12,Tree,8.588043,98.564846,ปกติ,12
A2-013,A2,13,Tree,8.588033,98.564819,ปกติ,13
A2-014,A2,14,Tree,8.588026,98.564792,ปกติ,14
A2-015,A2,15,Tree,8.588021,98.56477,ปกติ,15
A2-016,A2,16,T,8.588018,98.564748,รอปลูกซ่อม,16F
A3-001,A3,1,H,8.58796,98.565294,ปกติ,1
A3-002,A3,2,Tree,8.587953,98.565256,รอปลูกซ่อม,2F
A3-003,A3,3,Tree,8.587947,98.5652,ปกติ,3
A3-004,A3,4,Tree,8.587948,98.565148,ปกติ,4
A3-005,A3,5,Tree,8.587953,98.565099,ปกติ,5
A3-006,A3,6,Tree,8.587953,98.565053,รอปลูกซ่อม,6F
A3-007,A3,7,Tree,8.587946,98.565012,ปกติ,7
A3-008,A3,8,Tree,8.587929,98.564976,ปกติ,8
A3-009,A3,9,Tree,8.587917,98.564947,ปกติ,9
A3-010,A3,10,Tree,8.587909,98.564913,ปกติ,10
A3-011,A3,11,Tree,8.587904,98.564877,ปกติ,11
A3-012,A3,12,Tree,8.587893,98.56484,ปกติ,12
A3-013,A3,13,Tree,8.587893,98.564804,ปกติ,13
A3-014,A3,14,Tree,8.587889,98.564772,ปกติ,14
A3-015,A3,15,Tree,8.587876,98.564747,ปกติ,15
A3-016,A3,16,Tree,8.587863,98.564717,ปกติ,16
A3-017,A3,17,Tree,8.587855,98.564685,ปกติ,17
A3-018,A3,18,Tree,8.587844,98.564658,ปกติ,18
A3-019,A3,19,Tree,8.587837,98.564634,ปกติ,19
A3-020,A3,20,Tree,8.587823,98.564611,รอปลูกซ่อม,20F
A3-021,A3,21,Tree,8.587816,98.564582,รอปลูกซ่อม,21F
A3-022,A3,22,Tree,8.58781,98.564553,รอปลูกซ่อม,22F
A3-023,A3,23,Tree,8.5878,98.564527,รอปลูกซ่อม,23F
A3-024,A3,24,Tree,8.587791,98.5645,ปกติ,24
A3-025,A3,25,Tree,8.587783,98.564475,ปกติ,25
A3-026,A3,26,T,8.587768,98.564457,ปกติ,26
A4-001,A4,1,H,8.587871,98.565285,รอปลูกซ่อม,1F
A4-002,A4,2,Tree,8.587875,98.56526,ปกติ,2
A4-003,A4,3,Tree,8.587884,98.565232,รอปลูกซ่อม,3F
A4-004,A4,4,Tree,8.587885,98.565196,ปกติ,4
A4-005,A4,5,Tree,8.587876,98.565139,รอปลูกซ่อม,5F
A4-006,A4,6,Tree,8.587876,98.565092,ปกติ,6
A4-007,A4,7,Tree,8.587871,98.565052,ปกติ,7
A4-008,A4,8,Tree,8.587866,98.565001,ปกติ,8
A4-009,A4,9,Tree,8.587859,98.564948,ปกติ,9
A4-010,A4,10,Tree,8.587847,98.564894,ปกติ,10
A4-011,A4,11,Tree,8.587826,98.564826,รอปลูกซ่อม,11F
A4-012,A4,12,Tree,8.58781,98.564767,ปกติ,12
A4-013,A4,13,Tree,8.587791,98.564736,ปกติ,13
A4-014,A4,14,Tree,8.587769,98.564717,รอปลูกซ่อม,14F
A4-015,A4,15,Tree,8.587749,98.564697,รอปลูกซ่อม,15F
A4-016,A4,16,Tree,8.58773,98.564679,ปกติ,16
A4-017,A4,17,Tree,8.587713,98.564656,รอปลูกซ่อม,17F
A4-018,A4,18,Tree,8.58769,98.564639,ปกติ,18
A4-019,A4,19,Tree,8.587663,98.564619,ปกติ,19
A4-020,A4,20,Tree,8.587655,98.5646,ปกติ,20
A4-021,A4,21,Tree,8.587637,98.564578,รอปลูกซ่อม,21F
A4-022,A4,22,T,8.58762,98.564548,รอปลูกซ่อม,22F
A5-001,A5,1,H,8.587817,98.565125,ปกติ,1
A5-002,A5,2,Tree,8.587822,98.565173,รอปลูกซ่อม,2F
A5-003,A5,3,Tree,8.587822,98.565217,ปกติ,3
A5-004,A5,4,T,8.5878,98.565243,รอปลูกซ่อม,4F
A6-001,A6,1,H,8.58779,98.565099,ปกติ,1
A6-002,A6,2,Tree,8.587786,98.565128,รอปลูกซ่อม,2F
A6-003,A6,3,T,8.587789,98.565154,รอปลูกซ่อม,3F
A7-001,A7,1,H,8.587789,98.565042,ปกติ,1
A7-002,A7,2,Tree,8.587768,98.56507,ปกติ,2
A7-003,A7,3,Tree,8.58773,98.565097,รอปลูกซ่อม,3F
A7-004,A7,4,Tree,8.587735,98.565135,ปกติ,4
A7-005,A7,5,Tree,8.587756,98.565161,รอปลูกซ่อม,5F
A7-006,A7,6,Tree,8.587765,98.565197,รอปลูกซ่อม,6F
A7-007,A7,7,Tree,8.587765,98.56524,ปกติ,7
A7-008,A7,8,Tree,8.587727,98.565287,ปกติ,8
A7-009,A7,9,Tree,8.587697,98.565326,ปกติ,9
A7-010,A7,10,Tree,8.587664,98.565347,ปกติ,10
A7-011,A7,11,Tree,8.587641,98.565371,ปกติ,11
A7-012,A7,12,T,8.587624,98.565404,รอปลูกซ่อม,12F
A8-001,A8,1,H,8.587795,98.56493,ปกติ,1
A8-002,A8,2,Tree,8.587762,98.564903,ปกติ,2
A8-003,A8,3,Tree,8.587732,98.564887,รอปลูกซ่อม,3F
A8-004,A8,4,Tree,8.587724,98.564847,ปกติ,4
A8-005,A8,5,Tree,8.587702,98.564812,ปกติ,5
A8-006,A8,6,Tree,8.587653,98.564783,ปกติ,6
A8-007,A8,7,Tree,8.587624,98.564743,ปกติ,7
A8-008,A8,8,Tree,8.587592,98.564728,ปกติ,8
A8-009,A8,9,Tree,8.587581,98.56472,ปกติ,9
A8-010,A8,10,Tree,8.587542,98.564672,ปกติ,10
A8-011,A8,11,Tree,8.587529,98.56464,ปกติ,11
A8-012,A8,12,Tree,8.587497,98.564609,ปกติ,12
A8-013,A8,13,T,8.587476,98.564581,รอปลูกซ่อม,13F
A9-001,A9,1,H,8.587696,98.564949,ปกติ,1
A9-002,A9,2,Tree,8.587699,98.564981,ปกติ,2
A9-003,A9,3,Tree,8.587712,98.565012,ปกติ,3
A9-004,A9,4,Tree,8.587683,98.565038,ปกติ,4
A9-005,A9,5,Tree,8.587674,98.565062,ปกติ,5
A9-006,A9,6,Tree,8.587652,98.565092,ปกติ,6
A9-007,A9,7,Tree,8.587656,98.565125,รอปลูกซ่อม,7F
A9-008,A9,8,Tree,8.587662,98.565162,รอปลูกซ่อม,8F
A9-009,A9,9,Tree,8.587679,98.565202,ปกติ,9
A9-010,A9,10,Tree,8.587674,98.565241,ปกติ,10
A9-011,A9,11,Tree,8.587655,98.56527,ปกติ,11
A9-012,A9,12,Tree,8.587621,98.565279,ปกติ,12
A9-013,A9,13,Tree,8.587611,98.565306,รอปลูกซ่อม,13F
A9-014,A9,14,Tree,8.587596,98.565335,ปกติ,14
A9-015,A9,15,Tree,8.58757,98.565373,ปกติ,15
A9-016,A9,16,T,8.587549,98.565394,ปกติ,16
A10-001,A10,1,H,8.587613,98.564815,รอปลูกซ่อม,1F
A10-002,A10,2,Tree,8.587578,98.564765,รอปลูกซ่อม,2F
A10-003,A10,3,Tree,8.587503,98.56473,รอปลูกซ่อม,3F
A10-004,A10,4,Tree,8.587477,98.564711,รอปลูกซ่อม,4F
A10-005,A10,5,Tree,8.587465,98.564693,รอปลูกซ่อม,5F
A10-006,A10,6,Tree,8.587442,98.564666,รอปลูกซ่อม,6F
A10-007,A10,7,Tree,8.587413,98.564628,รอปลูกซ่อม,7F
A10-008,A10,8,Tree,8.587382,98.564593,ปกติ,8
A10-009,A10,9,T,8.587359,98.564572,รอปลูกซ่อม,9F
A11-001,A11,1,H,8.587448,98.564801,รอปลูกซ่อม,1F
A11-003,A11,3,Tree,8.587519,98.56487,รอปลูกซ่อม,3F
A11-004,A11,4,Tree,8.587556,98.564889,ปกติ,4
A11-005,A11,5,Tree,8.58759,98.564927,รอปลูกซ่อม,5F
A11-006,A11,6,Tree,8.587612,98.564938,ปกติ,6
A11-007,A11,7,Tree,8.587644,98.564986,ปกติ,7
A11-008,A11,8,Tree,8.587619,98.565025,ปกติ,8
A11-009,A11,9,Tree,8.587588,98.565046,รอปลูกซ่อม,9F
A11-010,A11,10,Tree,8.587573,98.565068,ปกติ,10
A11-011,A11,11,Tree,8.587559,98.565094,ปกติ,11
A11-012,A11,12,Tree,8.58748,98.564839,รอปลูกซ่อม,12F
A11-012,A11,12,Tree,8.587568,98.565142,ปกติ,12
A11-013,A11,13,Tree,8.587563,98.565187,ปกติ,13
A11-014,A11,14,Tree,8.587554,98.565227,ปกติ,14
A11-015,A11,15,Tree,8.587543,98.565259,ปกติ,15
A11-016,A11,16,Tree,8.587527,98.565305,ปกติ,16
A11-017,A11,17,Tree,8.587514,98.565341,ปกติ,17
A11-018,A11,18,Tree,8.5875,98.565368,ปกติ,18
A11-019,A11,19,Tree,8.587484,98.565393,ปกติ,19
A11-020,A11,20,Tree,8.587468,98.565425,รอปลูกซ่อม,20F
A11-021,A11,21,T,8.587453,98.565447,ปกติ,21
A12-001,A12,1,H,8.587271,98.56448,รอปลูกซ่อม,1F
A12-002,A12,2,Tree,8.587307,98.564458,รอปลูกซ่อม,2F
A12-003,A12,3,Tree,8.587334,98.564434,รอปลูกซ่อม,3F
A12-004,A12,4,Tree,8.587343,98.564409,รอปลูกซ่อม,4F
A12-005,A12,5,Tree,8.587353,98.564384,รอปลูกซ่อม,5F
A12-006,A12,6,T,8.587361,98.564356,รอปลูกซ่อม,6F
A13-001,A13,1,H,8.587193,98.564577,รอปลูกซ่อม,1F
A13-002,A13,2,Tree,8.587223,98.564607,รอปลูกซ่อม,2F
A13-003,A13,3,Tree,8.587253,98.564636,รอปลูกซ่อม,3F
A13-004,A13,4,Tree,8.5873,98.564659,รอปลูกซ่อม,4F
A13-005,A13,5,Tree,8.587317,98.564686,รอปลูกซ่อม,5F
A13-006,A13,6,Tree,8.587351,98.564726,ปกติ,6
A13-007,A13,7,Tree,8.587363,98.564768,ปกติ,7
A13-008,A13,8,Tree,8.587381,98.564812,ปกติ,8
A13-009,A13,9,Tree,8.587402,98.564853,ปกติ,9
A13-010,A13,10,Tree,8.587429,98.564887,ปกติ,10
A13-011,A13,11,Tree,8.58746,98.564905,ปกติ,11
A13-012,A13,12,Tree,8.587473,98.564927,ปกติ,12
A13-013,A13,13,Tree,8.587506,98.564945,ปกติ,13
A13-014,A13,14,Tree,8.587534,98.564965,ปกติ,14
A13-015,A13,15,Tree,8.587565,98.56499,ปกติ,15
A13-016,A13,16,Tree,8.587558,98.565031,รอปลูกซ่อม,16F
A13-017,A13,17,Tree,8.587529,98.565058,รอปลูกซ่อม,17F
A13-018,A13,18,Tree,8.587496,98.565083,ปกติ,18
A13-019,A13,19,Tree,8.587499,98.565121,ปกติ,19
A13-020,A13,20,Tree,8.587504,98.565154,ปกติ,20
A13-021,A13,21,Tree,8.587508,98.5652,ปกติ,21
A13-022,A13,22,Tree,8.587507,98.565231,ปกติ,22
A13-023,A13,23,Tree,8.587482,98.565257,รอปลูกซ่อม,23F
A13-024,A13,24,Tree,8.587477,98.565298,รอปลูกซ่อม,24F
A13-025,A13,25,Tree,8.587477,98.565323,ปกติ,25
A13-026,A13,26,T,8.587455,98.565341,ปกติ,26
A14-001,A14,1,H,8.58716,98.564479,รอปลูกซ่อม,1F
A14-002,A14,2,Tree,8.587197,98.564434,รอปลูกซ่อม,2F
A14-003,A14,3,Tree,8.587221,98.564403,รอปลูกซ่อม,3F
A14-004,A14,4,Tree,8.587249,98.564373,รอปลูกซ่อม,4F
A14-005,A14,5,T,8.587277,98.564347,รอปลูกซ่อม,5F
